/*
Navicat MySQL Data Transfer

Source Server         : localhost_3306
Source Server Version : 50728
Source Host           : localhost:3306
Source Database       : study_security

Target Server Type    : MYSQL
Target Server Version : 50728
File Encoding         : 65001

Date: 2021-12-26 12:22:33
*/

SET FOREIGN_KEY_CHECKS=0;

-- ----------------------------
-- Table structure for clientdetails
-- ----------------------------
DROP TABLE IF EXISTS `clientdetails`;
CREATE TABLE `clientdetails` (
  `appId` varchar(128) NOT NULL,
  `resourceIds` varchar(128) DEFAULT NULL,
  `appSecret` varchar(128) DEFAULT NULL,
  `scope` varchar(128) DEFAULT NULL,
  `grantTypes` varchar(128) DEFAULT NULL,
  `redirectUrl` varchar(128) DEFAULT NULL,
  `authorities` varchar(128) DEFAULT NULL,
  `access_token_validity` int(11) DEFAULT NULL,
  `refresh_token_validity` int(11) DEFAULT NULL,
  `additionalInformation` varchar(4096) DEFAULT NULL,
  `autoApproveScopes` varchar(128) DEFAULT NULL,
  PRIMARY KEY (`appId`)
) ENGINE=InnoDB DEFAULT CHARSET=utf8mb4;

-- ----------------------------
-- Records of clientdetails
-- ----------------------------

-- ----------------------------
-- Table structure for oauth_access_token
-- ----------------------------
DROP TABLE IF EXISTS `oauth_access_token`;
CREATE TABLE `oauth_access_token` (
  `token_id` varchar(128) DEFAULT NULL,
  `token` blob,
  `authentication_id` varchar(128) NOT NULL,
  `user_name` varchar(128) DEFAULT NULL,
  `client_id` varchar(128) DEFAULT NULL,
  `authentication` blob,
  `refresh_token` varchar(128) DEFAULT NULL,
  PRIMARY KEY (`authentication_id`)
) ENGINE=InnoDB DEFAULT CHARSET=utf8mb4;

-- ----------------------------
-- Records of oauth_access_token
-- ----------------------------

-- ----------------------------
-- Table structure for oauth_approvals
-- ----------------------------
DROP TABLE IF EXISTS `oauth_approvals`;
CREATE TABLE `oauth_approvals` (
  `userId` varchar(128) DEFAULT NULL,
  `clientId` varchar(128) DEFAULT NULL,
  `scope` varchar(128) DEFAULT NULL,
  `status` varchar(10) DEFAULT NULL,
  `expiresAt` timestamp NOT NULL DEFAULT CURRENT_TIMESTAMP ON UPDATE CURRENT_TIMESTAMP,
  `lastModifiedAt` timestamp NOT NULL DEFAULT '0000-00-00 00:00:00'
) ENGINE=InnoDB DEFAULT CHARSET=utf8mb4;

-- ----------------------------
-- Records of oauth_approvals
-- ----------------------------

-- ----------------------------
-- Table structure for oauth_client_details
-- ----------------------------
DROP TABLE IF EXISTS `oauth_client_details`;
CREATE TABLE `oauth_client_details` (
  `client_id` varchar(128) NOT NULL COMMENT '客户端id（如：mengxuegu_client',
  `resource_ids` varchar(128) DEFAULT NULL,
  `client_secret` varchar(128) DEFAULT NULL COMMENT '客户端密码（要加密后存储)',
  `scope` varchar(128) DEFAULT NULL COMMENT '客户端授权范all,write,read)',
  `authorized_grant_types` varchar(128) DEFAULT NULL COMMENT '4种授权类型（多个授权类型，用英文逗号分隔',
  `web_server_redirect_uri` varchar(128) DEFAULT NULL COMMENT '获取授权码后的回调地址',
  `authorities` varchar(128) DEFAULT NULL COMMENT '授权标识',
  `access_token_validity` int(11) DEFAULT NULL,
  `refresh_token_validity` int(11) DEFAULT NULL,
  `additional_information` varchar(4096) DEFAULT NULL,
  `autoapprove` varchar(128) DEFAULT NULL,
  PRIMARY KEY (`client_id`)
) ENGINE=InnoDB DEFAULT CHARSET=utf8mb4 COMMENT='客户端（第三方应用）基本信息';

-- ----------------------------
-- Records of oauth_client_details
-- ----------------------------
INSERT INTO `oauth_client_details` VALUES ('client1', '', '$2a$10$AodcXpujNILcZAQ.7cQ0b.Bm4klRumapoFBu7uyQ/ZV9Nu9F5fE3y', 'MEMBER_READ,MEMBER_WRITE', 'authorization_code,refresh_token', 'http://localhost:9001/login', null, '50000', null, null, 'true');
INSERT INTO `oauth_client_details` VALUES ('client2', '', '$2a$10$AodcXpujNILcZAQ.7cQ0b.Bm4klRumapoFBu7uyQ/ZV9Nu9F5fE3y', 'MEMBER_READ', 'authorization_code,refresh_token', 'http://localhost:9002/login', null, '50000', null, null, 'true');
INSERT INTO `oauth_client_details` VALUES ('mengxuegu-pc', 'product-server', '$2a$10$VcUHxmgnxBTdB9XNdhoOWujC.lFZ0rO1UizqMAS0GU6WAerFviX.a', 'all,PRODUCT_API', 'authorization_code,password,implicit,client_credentials,refresh_token', 'http://www.mengxuegu.com/', null, '50000', null, null, 'false');

-- ----------------------------
-- Table structure for oauth_client_token
-- ----------------------------
DROP TABLE IF EXISTS `oauth_client_token`;
CREATE TABLE `oauth_client_token` (
  `token_id` varchar(128) DEFAULT NULL,
  `token` blob,
  `authentication_id` varchar(128) NOT NULL,
  `user_name` varchar(128) DEFAULT NULL,
  `client_id` varchar(128) DEFAULT NULL,
  PRIMARY KEY (`authentication_id`)
) ENGINE=InnoDB DEFAULT CHARSET=utf8mb4;

-- ----------------------------
-- Records of oauth_client_token
-- ----------------------------

-- ----------------------------
-- Table structure for oauth_code
-- ----------------------------
DROP TABLE IF EXISTS `oauth_code`;
CREATE TABLE `oauth_code` (
  `code` varchar(128) DEFAULT NULL,
  `authentication` blob
) ENGINE=InnoDB DEFAULT CHARSET=utf8mb4;

-- ----------------------------
-- Records of oauth_code
-- ----------------------------
INSERT INTO `oauth_code` VALUES ('eLuDxh', 0xACED0005737200416F72672E737072696E676672616D65776F726B2E73656375726974792E6F61757468322E70726F76696465722E4F417574683241757468656E7469636174696F6EBD400B02166252130200024C000D73746F7265645265717565737474003C4C6F72672F737072696E676672616D65776F726B2F73656375726974792F6F61757468322F70726F76696465722F4F4175746832526571756573743B4C00127573657241757468656E7469636174696F6E7400324C6F72672F737072696E676672616D65776F726B2F73656375726974792F636F72652F41757468656E7469636174696F6E3B787200476F72672E737072696E676672616D65776F726B2E73656375726974792E61757468656E7469636174696F6E2E416273747261637441757468656E7469636174696F6E546F6B656ED3AA287E6E47640E0200035A000D61757468656E746963617465644C000B617574686F7269746965737400164C6A6176612F7574696C2F436F6C6C656374696F6E3B4C000764657461696C737400124C6A6176612F6C616E672F4F626A6563743B787000737200266A6176612E7574696C2E436F6C6C656374696F6E7324556E6D6F6469666961626C654C697374FC0F2531B5EC8E100200014C00046C6973747400104C6A6176612F7574696C2F4C6973743B7872002C6A6176612E7574696C2E436F6C6C656374696F6E7324556E6D6F6469666961626C65436F6C6C656374696F6E19420080CB5EF71E0200014C00016371007E00047870737200136A6176612E7574696C2E41727261794C6973747881D21D99C7619D03000149000473697A65787000000008770400000008737200426F72672E737072696E676672616D65776F726B2E73656375726974792E636F72652E617574686F726974792E53696D706C654772616E746564417574686F7269747900000000000002080200014C0004726F6C657400124C6A6176612F6C616E672F537472696E673B78707400097379733A696E6465787371007E000D74000A7379733A6D616E6167657371007E000D7400087379733A757365727371007E000D74000D7379733A757365723A6C6973747371007E000D7400087379733A726F6C657371007E000D74000D7379733A726F6C653A6C6973747371007E000D74000E7379733A7065726D697373696F6E7371007E000D7400137379733A7065726D697373696F6E3A6C6973747871007E000C707372003A6F72672E737072696E676672616D65776F726B2E73656375726974792E6F61757468322E70726F76696465722E4F41757468325265717565737400000000000000010200075A0008617070726F7665644C000B617574686F72697469657371007E00044C000A657874656E73696F6E7374000F4C6A6176612F7574696C2F4D61703B4C000B726564697265637455726971007E000E4C00077265667265736874003B4C6F72672F737072696E676672616D65776F726B2F73656375726974792F6F61757468322F70726F76696465722F546F6B656E526571756573743B4C000B7265736F7572636549647374000F4C6A6176612F7574696C2F5365743B4C000D726573706F6E7365547970657371007E0022787200386F72672E737072696E676672616D65776F726B2E73656375726974792E6F61757468322E70726F76696465722E426173655265717565737436287A3EA37169BD0200034C0008636C69656E74496471007E000E4C001172657175657374506172616D657465727371007E00204C000573636F706571007E00227870740007636C69656E7432737200256A6176612E7574696C2E436F6C6C656374696F6E7324556E6D6F6469666961626C654D6170F1A5A8FE74F507420200014C00016D71007E00207870737200116A6176612E7574696C2E486173684D61700507DAC1C31660D103000246000A6C6F6164466163746F724900097468726573686F6C6478703F400000000000067708000000080000000474000D726573706F6E73655F74797065740004636F646574000C72656469726563745F75726974001B687474703A2F2F6C6F63616C686F73743A393030322F6C6F67696E7400057374617465740006506C34324B47740009636C69656E745F696471007E002578737200256A6176612E7574696C2E436F6C6C656374696F6E7324556E6D6F6469666961626C65536574801D92D18F9B80550200007871007E0009737200176A6176612E7574696C2E4C696E6B656448617368536574D86CD75A95DD2A1E020000787200116A6176612E7574696C2E48617368536574BA44859596B8B7340300007870770C000000103F4000000000000174000B4D454D4245525F5245414478017371007E0034770C000000103F40000000000000787371007E00283F40000000000000770800000010000000007871007E002D707371007E0034770C000000103F40000000000000787371007E0034770C000000103F4000000000000171007E002B787372004F6F72672E737072696E676672616D65776F726B2E73656375726974792E61757468656E7469636174696F6E2E557365726E616D6550617373776F726441757468656E7469636174696F6E546F6B656E00000000000002080200024C000B63726564656E7469616C7371007E00054C00097072696E636970616C71007E00057871007E0003017371007E00077371007E000B0000000877040000000871007E000F71007E001171007E001371007E001571007E001771007E001971007E001B71007E001D7871007E003E737200486F72672E737072696E676672616D65776F726B2E73656375726974792E7765622E61757468656E7469636174696F6E2E57656241757468656E7469636174696F6E44657461696C7300000000000002080200024C000D72656D6F74654164647265737371007E000E4C000973657373696F6E496471007E000E787074000F303A303A303A303A303A303A303A3174002041414246314638334332314635393938363032463531303533363234304446317073720029636F6D2E6D656E6778756567752E6F61757468322E7765622E656E7469746965732E5379735573657240932201AB0FEBB70200105A001369734163636F756E744E6F6E457870697265645A001269734163636F756E744E6F6E4C6F636B65645A0017697343726564656E7469616C734E6F6E457870697265645A00096973456E61626C65644C000B617574686F72697469657371007E00044C000A637265617465446174657400104C6A6176612F7574696C2F446174653B4C0005656D61696C71007E000E4C000269647400104C6A6176612F6C616E672F4C6F6E673B4C00066D6F62696C6571007E000E4C00086E69636B4E616D6571007E000E4C000870617373776F726471007E000E4C000B7065726D697373696F6E7371007E00084C0007726F6C6549647371007E00084C0008726F6C654C69737471007E00084C000A7570646174654461746571007E00444C0008757365726E616D6571007E000E7870010101017371007E000B0000000877040000000871007E000F71007E001171007E001371007E001571007E001771007E001971007E001B71007E001D787372000E6A6176612E7574696C2E44617465686A81014B597419030000787077080000017D9AC7AD087874000A3233344071712E636F6D7372000E6A6176612E6C616E672E4C6F6E673B8BE490CC8F23DF0200014A000576616C7565787200106A6176612E6C616E672E4E756D62657286AC951D0B94E08B0200007870000000000000000C740009313131313131313131740006E889BEE78E9B74003C2432612431302472446B507676414656386B7177764B4A7A776C52762E692E712E777A317731707A30534673486E2F35356A4E655A4651762F65436D7371007E000B000000087704000000087372002F636F6D2E6D656E6778756567752E6F61757468322E7765622E656E7469746965732E5379735065726D697373696F6E50715F5D0A38D99102000D4C00086368696C6472656E71007E00084C000B6368696C6472656E55726C71007E00084C0004636F646571007E000E4C000A6372656174654461746571007E00444C000469636F6E71007E000E4C0002696471007E00454C00046E616D6571007E000E4C0008706172656E74496471007E00454C000A706172656E744E616D6571007E000E4C000672656D61726B71007E000E4C0004747970657400134C6A6176612F6C616E672F496E74656765723B4C000A7570646174654461746571007E00444C000375726C71007E000E7870707071007E00107371007E0048770800000189D32084987874000F66612066612D64617368626F6172647371007E004B000000000000000B740006E9A696E9A1B57371007E004B0000000000000000740009E6A0B9E88F9CE58D95740000737200116A6176612E6C616E672E496E746567657212E2A0A4F781873802000149000576616C75657871007E004C000000017371007E0048770800000189D93098A0787400012F7371007E0052707071007E00127371007E0048770800000189D32084987874000A66612066612D636F67737371007E004B000000000000001174000CE7B3BBE7BB9FE7AEA1E7908671007E005971007E005A7071007E005D7371007E0048770800000189D93098A078707371007E0052707071007E00147371007E0048770800000189D32084987874000B66612066612D75736572737371007E004B000000000000001274000CE794A8E688B7E7AEA1E7908671007E006371007E005A7071007E005D7371007E0048770800000189D93098A0787400052F757365727371007E0052707071007E00167371007E0048770800000189D3208498787400007371007E004B0000000000000013740006E58897E8A1A871007E006971007E005A74000CE59198E5B7A5E58897E8A1A87371007E005C000000027371007E0048770800000189D3208498787400007371007E0052707071007E00187371007E0048770800000189D32084987874001166612066612D757365722D7365637265747371007E004B000000000000001774000CE8A792E889B2E7AEA1E7908671007E006371007E005A7071007E005D7371007E0048770800000189D93098A0787400052F726F6C657371007E0052707071007E001A7371007E0048770800000189D320849878707371007E004B0000000000000018740006E58897E8A1A871007E007971007E005A74000CE8A792E889B2E58897E8A1A871007E00737371007E0048770800000189D320849878707371007E0052707071007E001C7371007E0048770800000189D32084987874000966612066612D636F677371007E004B000000000000001C74000CE69D83E99990E7AEA1E7908671007E006371007E005A7071007E005D7371007E0048770800000189D93098A07874000B2F7065726D697373696F6E7371007E0052707071007E001E7371007E0048770800000189D320849878707371007E004B000000000000001D740006E58897E8A1A871007E008671007E005A74000CE69D83E99990E58897E8A1A871007E00737371007E0048770800000189D32084987870787371007E000B00000000770400000000787371007E000B00000000770400000000787371007E004877080000017D9AC7AD0878740004656D6D61);
INSERT INTO `oauth_code` VALUES ('uB267R', 0xACED0005737200416F72672E737072696E676672616D65776F726B2E73656375726974792E6F61757468322E70726F76696465722E4F417574683241757468656E7469636174696F6EBD400B02166252130200024C000D73746F7265645265717565737474003C4C6F72672F737072696E676672616D65776F726B2F73656375726974792F6F61757468322F70726F76696465722F4F4175746832526571756573743B4C00127573657241757468656E7469636174696F6E7400324C6F72672F737072696E676672616D65776F726B2F73656375726974792F636F72652F41757468656E7469636174696F6E3B787200476F72672E737072696E676672616D65776F726B2E73656375726974792E61757468656E7469636174696F6E2E416273747261637441757468656E7469636174696F6E546F6B656ED3AA287E6E47640E0200035A000D61757468656E746963617465644C000B617574686F7269746965737400164C6A6176612F7574696C2F436F6C6C656374696F6E3B4C000764657461696C737400124C6A6176612F6C616E672F4F626A6563743B787000737200266A6176612E7574696C2E436F6C6C656374696F6E7324556E6D6F6469666961626C654C697374FC0F2531B5EC8E100200014C00046C6973747400104C6A6176612F7574696C2F4C6973743B7872002C6A6176612E7574696C2E436F6C6C656374696F6E7324556E6D6F6469666961626C65436F6C6C656374696F6E19420080CB5EF71E0200014C00016371007E00047870737200136A6176612E7574696C2E41727261794C6973747881D21D99C7619D03000149000473697A65787000000011770400000011737200426F72672E737072696E676672616D65776F726B2E73656375726974792E636F72652E617574686F726974792E53696D706C654772616E746564417574686F7269747900000000000002080200014C0004726F6C657400124C6A6176612F6C616E672F537472696E673B78707400097379733A696E6465787371007E000D74000A7379733A6D616E6167657371007E000D7400087379733A757365727371007E000D74000D7379733A757365723A6C6973747371007E000D74000C7379733A757365723A6164647371007E000D74000D7379733A757365723A656469747371007E000D74000F7379733A757365723A64656C6574657371007E000D7400087379733A726F6C657371007E000D74000D7379733A726F6C653A6C6973747371007E000D74000C7379733A726F6C653A6164647371007E000D74000D7379733A726F6C653A656469747371007E000D74000F7379733A726F6C653A64656C6574657371007E000D74000E7379733A7065726D697373696F6E7371007E000D7400137379733A7065726D697373696F6E3A6C6973747371007E000D7400127379733A7065726D697373696F6E3A6164647371007E000D7400137379733A7065726D697373696F6E3A656469747371007E000D7400157379733A7065726D697373696F6E3A64656C6574657871007E000C707372003A6F72672E737072696E676672616D65776F726B2E73656375726974792E6F61757468322E70726F76696465722E4F41757468325265717565737400000000000000010200075A0008617070726F7665644C000B617574686F72697469657371007E00044C000A657874656E73696F6E7374000F4C6A6176612F7574696C2F4D61703B4C000B726564697265637455726971007E000E4C00077265667265736874003B4C6F72672F737072696E676672616D65776F726B2F73656375726974792F6F61757468322F70726F76696465722F546F6B656E526571756573743B4C000B7265736F7572636549647374000F4C6A6176612F7574696C2F5365743B4C000D726573706F6E7365547970657371007E0034787200386F72672E737072696E676672616D65776F726B2E73656375726974792E6F61757468322E70726F76696465722E426173655265717565737436287A3EA37169BD0200034C0008636C69656E74496471007E000E4C001172657175657374506172616D657465727371007E00324C000573636F706571007E00347870740007636C69656E7431737200256A6176612E7574696C2E436F6C6C656374696F6E7324556E6D6F6469666961626C654D6170F1A5A8FE74F507420200014C00016D71007E00327870737200116A6176612E7574696C2E486173684D61700507DAC1C31660D103000246000A6C6F6164466163746F724900097468726573686F6C6478703F400000000000067708000000080000000474000D726573706F6E73655F74797065740004636F646574000C72656469726563745F75726974001B687474703A2F2F6C6F63616C686F73743A393030312F6C6F67696E74000573746174657400065642376D4C70740009636C69656E745F696471007E003778737200256A6176612E7574696C2E436F6C6C656374696F6E7324556E6D6F6469666961626C65536574801D92D18F9B80550200007871007E0009737200176A6176612E7574696C2E4C696E6B656448617368536574D86CD75A95DD2A1E020000787200116A6176612E7574696C2E48617368536574BA44859596B8B7340300007870770C000000103F4000000000000274000B4D454D4245525F5245414474000C4D454D4245525F575249544578017371007E0046770C000000103F40000000000000787371007E003A3F40000000000000770800000010000000007871007E003F707371007E0046770C000000103F40000000000000787371007E0046770C000000103F4000000000000171007E003D787372004F6F72672E737072696E676672616D65776F726B2E73656375726974792E61757468656E7469636174696F6E2E557365726E616D6550617373776F726441757468656E7469636174696F6E546F6B656E00000000000002080200024C000B63726564656E7469616C7371007E00054C00097072696E636970616C71007E00057871007E0003017371007E00077371007E000B0000001177040000001171007E000F71007E001171007E001371007E001571007E001771007E001971007E001B71007E001D71007E001F71007E002171007E002371007E002571007E002771007E002971007E002B71007E002D71007E002F7871007E0051737200486F72672E737072696E676672616D65776F726B2E73656375726974792E7765622E61757468656E7469636174696F6E2E57656241757468656E7469636174696F6E44657461696C7300000000000002080200024C000D72656D6F74654164647265737371007E000E4C000973657373696F6E496471007E000E787074000F303A303A303A303A303A303A303A3174002032333144463944353136454438304134304530413434354437333134343746427073720029636F6D2E6D656E6778756567752E6F61757468322E7765622E656E7469746965732E5379735573657240932201AB0FEBB70200105A001369734163636F756E744E6F6E457870697265645A001269734163636F756E744E6F6E4C6F636B65645A0017697343726564656E7469616C734E6F6E457870697265645A00096973456E61626C65644C000B617574686F72697469657371007E00044C000A637265617465446174657400104C6A6176612F7574696C2F446174653B4C0005656D61696C71007E000E4C000269647400104C6A6176612F6C616E672F4C6F6E673B4C00066D6F62696C6571007E000E4C00086E69636B4E616D6571007E000E4C000870617373776F726471007E000E4C000B7065726D697373696F6E7371007E00084C0007726F6C6549647371007E00084C0008726F6C654C69737471007E00084C000A7570646174654461746571007E00574C0008757365726E616D6571007E000E7870010101017371007E000B0000001177040000001171007E000F71007E001171007E001371007E001571007E001771007E001971007E001B71007E001D71007E001F71007E002171007E002371007E002571007E002771007E002971007E002B71007E002D71007E002F787372000E6A6176612E7574696C2E44617465686A81014B5974190300007870770800000189D32084987874000D3131313131403136332E636F6D7372000E6A6176612E6C616E672E4C6F6E673B8BE490CC8F23DF0200014A000576616C7565787200106A6176612E6C616E672E4E756D62657286AC951D0B94E08B020000787000000000000000097400053131313131740009E7AEA1E79086E5919874003C2432612431302472446B507676414656386B7177764B4A7A776C52762E692E712E777A317731707A30534673486E2F35356A4E655A4651762F65436D7371007E000B000000117704000000117372002F636F6D2E6D656E6778756567752E6F61757468322E7765622E656E7469746965732E5379735065726D697373696F6E50715F5D0A38D99102000D4C00086368696C6472656E71007E00084C000B6368696C6472656E55726C71007E00084C0004636F646571007E000E4C000A6372656174654461746571007E00574C000469636F6E71007E000E4C0002696471007E00584C00046E616D6571007E000E4C0008706172656E74496471007E00584C000A706172656E744E616D6571007E000E4C000672656D61726B71007E000E4C0004747970657400134C6A6176612F6C616E672F496E74656765723B4C000A7570646174654461746571007E00574C000375726C71007E000E7870707071007E00107371007E005B770800000189D32084987874000F66612066612D64617368626F6172647371007E005E000000000000000B740006E9A696E9A1B57371007E005E0000000000000000740009E6A0B9E88F9CE58D95740000737200116A6176612E6C616E672E496E746567657212E2A0A4F781873802000149000576616C75657871007E005F000000017371007E005B770800000189D93098A0787400012F7371007E0065707071007E00127371007E005B770800000189D32084987874000A66612066612D636F67737371007E005E000000000000001174000CE7B3BBE7BB9FE7AEA1E7908671007E006C71007E006D7071007E00707371007E005B770800000189D93098A078707371007E0065707071007E00147371007E005B770800000189D32084987874000B66612066612D75736572737371007E005E000000000000001274000CE794A8E688B7E7AEA1E7908671007E007671007E006D7071007E00707371007E005B770800000189D93098A0787400052F757365727371007E0065707071007E00167371007E005B770800000189D3208498787400007371007E005E0000000000000013740006E58897E8A1A871007E007C71007E006D74000CE59198E5B7A5E58897E8A1A87371007E006F000000027371007E005B770800000189D3208498787400007371007E0065707071007E00187371007E005B770800000189D3208498787400007371007E005E0000000000000014740006E696B0E5A29E71007E007C71007E006D74000CE696B0E5A29EE794A8E688B771007E00867371007E005B770800000189D93098A0787400007371007E0065707071007E001A7371007E005B770800000189D3208498787400007371007E005E0000000000000015740006E4BFAEE694B971007E007C71007E006D74000CE4BFAEE694B9E794A8E688B771007E00867371007E005B770800000189D93098A0787400007371007E0065707071007E001C7371007E005B770800000189D3208498787400007371007E005E0000000000000016740006E588A0E999A471007E007C71007E006D74000CE588A0E999A4E794A8E688B771007E00867371007E005B770800000189D93098A0787400007371007E0065707071007E001E7371007E005B770800000189D32084987874001166612066612D757365722D7365637265747371007E005E000000000000001774000CE8A792E889B2E7AEA1E7908671007E007671007E006D7071007E00707371007E005B770800000189D93098A0787400052F726F6C657371007E0065707071007E00207371007E005B770800000189D320849878707371007E005E0000000000000018740006E58897E8A1A871007E00A471007E006D74000CE8A792E889B2E58897E8A1A871007E00867371007E005B770800000189D320849878707371007E0065707071007E00227371007E005B770800000189D3208498787400007371007E005E0000000000000019740006E696B0E5A29E71007E00A471007E006D74000CE696B0E5A29EE8A792E889B271007E00867371007E005B770800000189D93098A0787400007371007E0065707071007E00247371007E005B770800000189D3208498787400007371007E005E000000000000001A740006E4BFAEE694B971007E00A471007E006D74000CE4BFAEE694B9E8A792E889B271007E00867371007E005B770800000189D93098A0787400007371007E0065707071007E00267371007E005B770800000189D3208498787400007371007E005E000000000000001B740006E588A0E999A471007E00A471007E006D74000CE588A0E999A4E8A792E889B271007E00867371007E005B770800000189D93098A0787400007371007E0065707071007E00287371007E005B770800000189D32084987874000966612066612D636F677371007E005E000000000000001C74000CE69D83E99990E7AEA1E7908671007E007671007E006D7071007E00707371007E005B770800000189D93098A07874000B2F7065726D697373696F6E7371007E0065707071007E002A7371007E005B770800000189D320849878707371007E005E000000000000001D740006E58897E8A1A871007E00C971007E006D74000CE69D83E99990E58897E8A1A871007E00867371007E005B770800000189D320849878707371007E0065707071007E002C7371007E005B770800000189D320849878707371007E005E000000000000001E740006E696B0E5A29E71007E00C971007E006D74000CE696B0E5A29EE69D83E9999071007E00867371007E005B770800000189D93098A0787400007371007E0065707071007E002E7371007E005B770800000189D320849878707371007E005E000000000000001F740006E4BFAEE694B971007E00C971007E006D74000CE4BFAEE694B9E69D83E9999071007E00867371007E005B770800000189D93098A0787400007371007E0065707071007E00307371007E005B770800000189D3208498787400007371007E005E0000000000000020740006E588A0E999A471007E00C971007E006D74000CE588A0E999A4E69D83E9999071007E00867371007E005B770800000189D93098A078740000787371007E000B00000000770400000000787371007E000B00000000770400000000787371007E005B77080000017D9AA6EE387874000561646D696E);

-- ----------------------------
-- Table structure for oauth_refresh_token
-- ----------------------------
DROP TABLE IF EXISTS `oauth_refresh_token`;
CREATE TABLE `oauth_refresh_token` (
  `token_id` varchar(128) DEFAULT NULL,
  `token` blob,
  `authentication` blob
) ENGINE=InnoDB DEFAULT CHARSET=utf8mb4;

-- ----------------------------
-- Records of oauth_refresh_token
-- ----------------------------

-- ----------------------------
-- Table structure for sys_permission
-- ----------------------------
DROP TABLE IF EXISTS `sys_permission`;
CREATE TABLE `sys_permission` (
  `id` bigint(20) NOT NULL AUTO_INCREMENT COMMENT '权限 ID',
  `parent_id` bigint(20) DEFAULT NULL COMMENT '父权限 ID (0为顶级菜单)',
  `name` varchar(64) NOT NULL COMMENT '权限名称',
  `code` varchar(64) DEFAULT NULL COMMENT '授权标识符',
  `url` varchar(255) DEFAULT NULL COMMENT '授权路径',
  `type` int(2) NOT NULL DEFAULT '1' COMMENT '类型(1菜单，2按钮)',
  `icon` varchar(200) DEFAULT NULL COMMENT '图标',
  `remark` varchar(200) DEFAULT NULL COMMENT '备注',
  `create_date` timestamp NOT NULL DEFAULT CURRENT_TIMESTAMP,
  `update_date` timestamp NOT NULL DEFAULT CURRENT_TIMESTAMP,
  PRIMARY KEY (`id`)
) ENGINE=InnoDB AUTO_INCREMENT=38 DEFAULT CHARSET=utf8 COMMENT='权限表';

-- ----------------------------
-- Records of sys_permission
-- ----------------------------
INSERT INTO `sys_permission` VALUES ('11', '0', '首页', 'sys:index', '/', '1', 'fa fa-dashboard', '', '2023-08-08 11:11:11', '2023-08-09 15:26:28');
INSERT INTO `sys_permission` VALUES ('17', '0', '系统管理', 'sys:manage', null, '1', 'fa fa-cogs', null, '2023-08-08 11:11:11', '2023-08-09 15:26:28');
INSERT INTO `sys_permission` VALUES ('18', '17', '用户管理', 'sys:user', '/user', '1', 'fa fa-users', null, '2023-08-08 11:11:11', '2023-08-09 15:26:28');
INSERT INTO `sys_permission` VALUES ('19', '18', '列表', 'sys:user:list', '', '2', '', '员工列表', '2023-08-08 11:11:11', '2023-08-08 11:11:11');
INSERT INTO `sys_permission` VALUES ('20', '18', '新增', 'sys:user:add', '', '2', '', '新增用户', '2023-08-08 11:11:11', '2023-08-09 15:26:28');
INSERT INTO `sys_permission` VALUES ('21', '18', '修改', 'sys:user:edit', '', '2', '', '修改用户', '2023-08-08 11:11:11', '2023-08-09 15:26:28');
INSERT INTO `sys_permission` VALUES ('22', '18', '删除', 'sys:user:delete', '', '2', '', '删除用户', '2023-08-08 11:11:11', '2023-08-09 15:26:28');
INSERT INTO `sys_permission` VALUES ('23', '17', '角色管理', 'sys:role', '/role', '1', 'fa fa-user-secret', null, '2023-08-08 11:11:11', '2023-08-09 15:26:28');
INSERT INTO `sys_permission` VALUES ('24', '23', '列表', 'sys:role:list', null, '2', null, '角色列表', '2023-08-08 11:11:11', '2023-08-08 11:11:11');
INSERT INTO `sys_permission` VALUES ('25', '23', '新增', 'sys:role:add', '', '2', '', '新增角色', '2023-08-08 11:11:11', '2023-08-09 15:26:28');
INSERT INTO `sys_permission` VALUES ('26', '23', '修改', 'sys:role:edit', '', '2', '', '修改角色', '2023-08-08 11:11:11', '2023-08-09 15:26:28');
INSERT INTO `sys_permission` VALUES ('27', '23', '删除', 'sys:role:delete', '', '2', '', '删除角色', '2023-08-08 11:11:11', '2023-08-09 15:26:28');
INSERT INTO `sys_permission` VALUES ('28', '17', '权限管理', 'sys:permission', '/permission', '1', 'fa fa-cog', null, '2023-08-08 11:11:11', '2023-08-09 15:26:28');
INSERT INTO `sys_permission` VALUES ('29', '28', '列表', 'sys:permission:list', null, '2', null, '权限列表', '2023-08-08 11:11:11', '2023-08-08 11:11:11');
INSERT INTO `sys_permission` VALUES ('30', '28', '新增', 'sys:permission:add', '', '2', null, '新增权限', '2023-08-08 11:11:11', '2023-08-09 15:26:28');
INSERT INTO `sys_permission` VALUES ('31', '28', '修改', 'sys:permission:edit', '', '2', null, '修改权限', '2023-08-08 11:11:11', '2023-08-09 15:26:28');
INSERT INTO `sys_permission` VALUES ('32', '28', '删除', 'sys:permission:delete', '', '2', '', '删除权限', '2023-08-08 11:11:11', '2023-08-09 15:26:28');
INSERT INTO `sys_permission` VALUES ('37', '17', '界面管理', 'sss', '/222', '1', 'fa fa-cogs', '啊啊啊啊啊啊啊啊啊啊啊啊', '2021-12-09 20:00:42', '2021-12-09 20:00:42');

-- ----------------------------
-- Table structure for sys_role
-- ----------------------------
DROP TABLE IF EXISTS `sys_role`;
CREATE TABLE `sys_role` (
  `id` bigint(20) NOT NULL AUTO_INCREMENT COMMENT '角色 ID',
  `name` varchar(64) NOT NULL COMMENT '角色名称',
  `remark` varchar(200) DEFAULT NULL COMMENT '角色说明',
  `create_date` timestamp NOT NULL DEFAULT CURRENT_TIMESTAMP,
  `update_date` timestamp NOT NULL DEFAULT CURRENT_TIMESTAMP,
  PRIMARY KEY (`id`)
) ENGINE=InnoDB AUTO_INCREMENT=11 DEFAULT CHARSET=utf8 COMMENT='角色表';

-- ----------------------------
-- Records of sys_role
-- ----------------------------
INSERT INTO `sys_role` VALUES ('9', '超级管理员', '拥有所有的权限', '2023-08-08 11:11:11', '2023-08-08 11:11:11');
INSERT INTO `sys_role` VALUES ('10', '普通管理员', '拥有查看权限', '2023-08-08 11:11:11', '2023-08-08 11:11:11');

-- ----------------------------
-- Table structure for sys_role_permission
-- ----------------------------
DROP TABLE IF EXISTS `sys_role_permission`;
CREATE TABLE `sys_role_permission` (
  `id` bigint(20) NOT NULL AUTO_INCREMENT COMMENT '主键 ID',
  `role_id` bigint(20) NOT NULL COMMENT '角色 ID',
  `permission_id` bigint(20) NOT NULL COMMENT '权限 ID',
  PRIMARY KEY (`id`)
) ENGINE=InnoDB AUTO_INCREMENT=26 DEFAULT CHARSET=utf8 COMMENT='角色权限表';

-- ----------------------------
-- Records of sys_role_permission
-- ----------------------------
INSERT INTO `sys_role_permission` VALUES ('1', '9', '11');
INSERT INTO `sys_role_permission` VALUES ('2', '9', '17');
INSERT INTO `sys_role_permission` VALUES ('3', '9', '18');
INSERT INTO `sys_role_permission` VALUES ('4', '9', '19');
INSERT INTO `sys_role_permission` VALUES ('5', '9', '20');
INSERT INTO `sys_role_permission` VALUES ('6', '9', '21');
INSERT INTO `sys_role_permission` VALUES ('7', '9', '22');
INSERT INTO `sys_role_permission` VALUES ('8', '9', '23');
INSERT INTO `sys_role_permission` VALUES ('9', '9', '24');
INSERT INTO `sys_role_permission` VALUES ('10', '9', '25');
INSERT INTO `sys_role_permission` VALUES ('11', '9', '26');
INSERT INTO `sys_role_permission` VALUES ('12', '9', '27');
INSERT INTO `sys_role_permission` VALUES ('13', '9', '28');
INSERT INTO `sys_role_permission` VALUES ('14', '9', '29');
INSERT INTO `sys_role_permission` VALUES ('15', '9', '30');
INSERT INTO `sys_role_permission` VALUES ('16', '9', '31');
INSERT INTO `sys_role_permission` VALUES ('17', '9', '32');
INSERT INTO `sys_role_permission` VALUES ('18', '10', '11');
INSERT INTO `sys_role_permission` VALUES ('19', '10', '17');
INSERT INTO `sys_role_permission` VALUES ('20', '10', '18');
INSERT INTO `sys_role_permission` VALUES ('21', '10', '19');
INSERT INTO `sys_role_permission` VALUES ('22', '10', '23');
INSERT INTO `sys_role_permission` VALUES ('23', '10', '24');
INSERT INTO `sys_role_permission` VALUES ('24', '10', '28');
INSERT INTO `sys_role_permission` VALUES ('25', '10', '29');

-- ----------------------------
-- Table structure for sys_user
-- ----------------------------
DROP TABLE IF EXISTS `sys_user`;
CREATE TABLE `sys_user` (
  `id` bigint(20) NOT NULL AUTO_INCREMENT COMMENT '用户 ID',
  `username` varchar(50) NOT NULL COMMENT '用户名',
  `password` varchar(64) NOT NULL COMMENT '密码，加密存储, admin/1234',
  `is_account_non_expired` int(2) DEFAULT '1' COMMENT '帐户是否过期(1 未过期，0已过期)',
  `is_account_non_locked` int(2) DEFAULT '1' COMMENT '帐户是否被锁定(1 未过期，0已过期)',
  `is_credentials_non_expired` int(2) DEFAULT '1' COMMENT '密码是否过期(1 未过期，0已过期)',
  `is_enabled` int(2) DEFAULT '1' COMMENT '帐户是否可用(1 可用，0 删除用户)',
  `nick_name` varchar(64) DEFAULT NULL COMMENT '昵称',
  `mobile` varchar(20) DEFAULT NULL COMMENT '注册手机号',
  `email` varchar(50) DEFAULT NULL COMMENT '注册邮箱',
  `create_date` timestamp NOT NULL DEFAULT CURRENT_TIMESTAMP,
  `update_date` timestamp NOT NULL DEFAULT CURRENT_TIMESTAMP,
  PRIMARY KEY (`id`),
  UNIQUE KEY `username` (`username`) USING BTREE,
  UNIQUE KEY `mobile` (`mobile`) USING BTREE,
  UNIQUE KEY `email` (`email`) USING BTREE
) ENGINE=InnoDB AUTO_INCREMENT=106 DEFAULT CHARSET=utf8 COMMENT='用户表';

-- ----------------------------
-- Records of sys_user
-- ----------------------------
INSERT INTO `sys_user` VALUES ('9', 'admin', '$2a$10$rDkPvvAFV8kqwvKJzwlRv.i.q.wz1w1pz0SFsHn/55jNeZFQv/eCm', '1', '1', '1', '1', '管理员', '11111', '11111@163.com', '2023-08-08 11:11:11', '2021-12-08 23:26:11');
INSERT INTO `sys_user` VALUES ('11', 'tom', '$2a$10$rDkPvvAFV8kqwvKJzwlRv.i.q.wz1w1pz0SFsHn/55jNeZFQv/eCm', '1', '1', '1', '1', '汤姆', '122222', '2@163.com', '2021-12-08 23:24:47', '2021-12-26 08:41:37');
INSERT INTO `sys_user` VALUES ('12', 'emma', '$2a$10$rDkPvvAFV8kqwvKJzwlRv.i.q.wz1w1pz0SFsHn/55jNeZFQv/eCm', '1', '1', '1', '1', '艾玛', '11111111', '3@163.com', '2021-12-09 00:01:57', '2021-12-26 08:41:47');
INSERT INTO `sys_user` VALUES ('13', 'mike', '$2a$10$rDkPvvAFV8kqwvKJzwlRv.i.q.wz1w1pz0SFsHn/55jNeZFQv/eCm', '1', '1', '1', '1', '麦克', '1235', '4@163com', '2021-12-09 14:57:49', '2021-12-26 08:44:05');
INSERT INTO `sys_user` VALUES ('14', 'lily', '$2a$10$rDkPvvAFV8kqwvKJzwlRv.i.q.wz1w1pz0SFsHn/55jNeZFQv/eCm', '1', '1', '1', '1', '丽丽', '1234555', '5@163.com', '2021-12-09 15:28:24', '2021-12-26 08:42:23');
INSERT INTO `sys_user` VALUES ('20', 'tom1', '$2a$10$rDkPvvAFV8kqwvKJzwlRv.i.q.wz1w1pz0SFsHn/55jNeZFQv/eCm', '1', '1', '1', '0', '325', '12415', '6@163.com', '2021-12-25 22:11:14', '2021-12-26 08:35:56');
INSERT INTO `sys_user` VALUES ('86', 'lile', '$2a$10$rDkPvvAFV8kqwvKJzwlRv.i.q.wz1w1pz0SFsHn/55jNeZFQv/eCm', '1', '1', '1', '0', '11', '111', '7@163.com', '2021-12-26 01:37:41', '2021-12-26 08:42:57');
INSERT INTO `sys_user` VALUES ('98', 'bob', '$2a$10$rDkPvvAFV8kqwvKJzwlRv.i.q.wz1w1pz0SFsHn/55jNeZFQv/eCm', '1', '1', '1', '0', '1231', '124', '9@163.com', '2021-12-26 08:42:38', '2021-12-26 08:42:43');
INSERT INTO `sys_user` VALUES ('103', '202111101100000', '1234', '1', '1', '1', '0', '2121111', '121231', '11q111241@qq.com', '2021-12-26 09:14:57', '2021-12-26 09:15:03');
INSERT INTO `sys_user` VALUES ('104', 'yuxin', '$2a$10$rDkPvvAFV8kqwvKJzwlRv.i.q.wz1w1pz0SFsHn/55jNeZFQv/eCm', '1', '1', '1', '0', '15124', '1244', '123663879@qq.com', '2021-12-26 09:17:16', '2021-12-26 09:17:21');
INSERT INTO `sys_user` VALUES ('105', '余忻萌', '$2a$10$rDkPvvAFV8kqwvKJzwlRv.i.q.wz1w1pz0SFsHn/55jNeZFQv/eCm', '1', '1', '1', '0', '余', '1111111214515', '2569858812@qq.com', '2021-12-26 12:11:13', '2021-12-26 12:11:18');

-- ----------------------------
-- Table structure for sys_user_role
-- ----------------------------
DROP TABLE IF EXISTS `sys_user_role`;
CREATE TABLE `sys_user_role` (
  `id` bigint(20) NOT NULL AUTO_INCREMENT COMMENT '主键 ID',
  `user_id` bigint(20) NOT NULL COMMENT '用户 ID',
  `role_id` bigint(20) NOT NULL COMMENT '角色 ID',
  PRIMARY KEY (`id`)
) ENGINE=InnoDB AUTO_INCREMENT=39 DEFAULT CHARSET=utf8 COMMENT='用户角色表';

-- ----------------------------
-- Records of sys_user_role
-- ----------------------------
INSERT INTO `sys_user_role` VALUES ('4', '9', '9');
INSERT INTO `sys_user_role` VALUES ('13', '19', '10');
INSERT INTO `sys_user_role` VALUES ('14', '18', '10');
INSERT INTO `sys_user_role` VALUES ('17', '10', '10');
INSERT INTO `sys_user_role` VALUES ('20', '51', '10');
INSERT INTO `sys_user_role` VALUES ('21', '76', '10');
INSERT INTO `sys_user_role` VALUES ('22', '79', '10');
INSERT INTO `sys_user_role` VALUES ('23', '82', '10');
INSERT INTO `sys_user_role` VALUES ('24', '83', '10');
INSERT INTO `sys_user_role` VALUES ('25', '84', '10');
INSERT INTO `sys_user_role` VALUES ('27', '90', '10');
INSERT INTO `sys_user_role` VALUES ('28', '93', '10');
INSERT INTO `sys_user_role` VALUES ('29', '97', '10');
INSERT INTO `sys_user_role` VALUES ('31', '11', '10');
INSERT INTO `sys_user_role` VALUES ('32', '12', '10');
INSERT INTO `sys_user_role` VALUES ('35', '14', '9');
INSERT INTO `sys_user_role` VALUES ('36', '14', '10');
INSERT INTO `sys_user_role` VALUES ('37', '98', '10');
INSERT INTO `sys_user_role` VALUES ('38', '105', '10');
